fecha,apertura
28/11/2014 00:00,363.59
29/11/2014 00:00,376.42
30/11/2014 00:00,376.57
01/12/2014 00:00,376.4
02/12/2014 00:00,378.39
03/12/2014 00:00,379.25
04/12/2014 00:00,376.67
05/12/2014 00:00,365.2
06/12/2014 00:00,374.95
07/12/2014 00:00,375.07
08/12/2014 00:00,376.87
09/12/2014 00:00,364.61
10/12/2014 00:00,350.49
11/12/2014 00:00,348.13
12/12/2014 00:00,348.98
13/12/2014 00:00,354.48
14/12/2014 00:00,351.45
15/12/2014 00:00,350.17
16/12/2014 00:00,350.17
17/12/2014 00:00,331.56
18/12/2014 00:00,321.32
19/12/2014 00:00,310.48
20/12/2014 00:00,317.23
21/12/2014 00:00,332.58
22/12/2014 00:00,322.24
23/12/2014 00:00,330.52
24/12/2014 00:00,337
25/12/2014 00:00,320.92
26/12/2014 00:00,319
27/12/2014 00:00,330.97
28/12/2014 00:00,315.89
29/12/2014 00:00,316.63
30/12/2014 00:00,314.78
31/12/2014 00:00,311.94
01/01/2015 00:00,319.25
02/01/2015 00:00,316.31
03/01/2015 00:00,316.51
04/01/2015 00:00,286.01
05/01/2015 00:00,264.62
06/01/2015 00:00,276.8
07/01/2015 00:00,276.8
08/01/2015 00:00,276.8
09/01/2015 00:00,276.8
10/01/2015 00:00,276.8
11/01/2015 00:00,276.8
12/01/2015 00:00,270.4
13/01/2015 00:00,268.16
14/01/2015 00:00,221
15/01/2015 00:00,162
16/01/2015 00:00,214.77
17/01/2015 00:00,206.6
18/01/2015 00:00,200.1
19/01/2015 00:00,210.05
20/01/2015 00:00,217.84
21/01/2015 00:00,211.08
22/01/2015 00:00,228.59
23/01/2015 00:00,233
24/01/2015 00:00,233.03
25/01/2015 00:00,249.99
26/01/2015 00:00,253.09
27/01/2015 00:00,269.5
28/01/2015 00:00,262.99
29/01/2015 00:00,236.2
30/01/2015 00:00,234.75
31/01/2015 00:00,232.6
01/02/2015 00:00,217.98
02/02/2015 00:00,214.8
03/02/2015 00:00,237.97
04/02/2015 00:00,227.35
05/02/2015 00:00,227
06/02/2015 00:00,216.81
07/02/2015 00:00,223.37
08/02/2015 00:00,228.3
09/02/2015 00:00,224.19
10/02/2015 00:00,220.72
11/02/2015 00:00,220.95
12/02/2015 00:00,219.55
13/02/2015 00:00,223
14/02/2015 00:00,237
15/02/2015 00:00,256.99
16/02/2015 00:00,234.01
17/02/2015 00:00,236.55
18/02/2015 00:00,244.96
19/02/2015 00:00,237.37
20/02/2015 00:00,240.59
21/02/2015 00:00,245.48
22/02/2015 00:00,245.41
23/02/2015 00:00,236.68
24/02/2015 00:00,239.65
25/02/2015 00:00,239.94
26/02/2015 00:00,237.97
27/02/2015 00:00,236.7
28/02/2015 00:00,253.06
01/03/2015 00:00,253.47
02/03/2015 00:00,258.34
03/03/2015 00:00,274
04/03/2015 00:00,279
05/03/2015 00:00,269.83
06/03/2015 00:00,273.8
07/03/2015 00:00,273.26
08/03/2015 00:00,275.59
09/03/2015 00:00,274.89
10/03/2015 00:00,287
11/03/2015 00:00,290.24
12/03/2015 00:00,295.11
13/03/2015 00:00,295.56
14/03/2015 00:00,284.4
15/03/2015 00:00,282.7
16/03/2015 00:00,286.4
17/03/2015 00:00,289.7
18/03/2015 00:00,284.46
19/03/2015 00:00,257.29
20/03/2015 00:00,262.01
21/03/2015 00:00,262.09
22/03/2015 00:00,259.8
23/03/2015 00:00,269.39
24/03/2015 00:00,265.84
25/03/2015 00:00,246.93
26/03/2015 00:00,247.68
27/03/2015 00:00,249.46
28/03/2015 00:00,248.09
29/03/2015 00:00,252.31
30/03/2015 00:00,242.19
31/03/2015 00:00,247.69
01/04/2015 00:00,243.98
02/04/2015 00:00,245.98
03/04/2015 00:00,253.16
04/04/2015 00:00,253.79
05/04/2015 00:00,253.45
06/04/2015 00:00,260.5
07/04/2015 00:00,255.83
08/04/2015 00:00,254.45
09/04/2015 00:00,244.09
10/04/2015 00:00,243.53
11/04/2015 00:00,234.77
12/04/2015 00:00,237.34
13/04/2015 00:00,236.3
14/04/2015 00:00,222.87
15/04/2015 00:00,216.42
16/04/2015 00:00,221.51
17/04/2015 00:00,227.59
18/04/2015 00:00,221.86
19/04/2015 00:00,223.14
20/04/2015 00:00,222.89
21/04/2015 00:00,224.07
22/04/2015 00:00,234.13
23/04/2015 00:00,233
24/04/2015 00:00,235.14
25/04/2015 00:00,231.06
26/04/2015 00:00,226.28
27/04/2015 00:00,219.49
28/04/2015 00:00,226.01
29/04/2015 00:00,225.11
30/04/2015 00:00,225.49
01/05/2015 00:00,235.75
02/05/2015 00:00,231.96
03/05/2015 00:00,233.9
04/05/2015 00:00,239.18
05/05/2015 00:00,237.93
06/05/2015 00:00,234.37
07/05/2015 00:00,229.78
08/05/2015 00:00,236.82
09/05/2015 00:00,243.16
10/05/2015 00:00,241.4
11/05/2015 00:00,239.08
12/05/2015 00:00,240.06
13/05/2015 00:00,241.3
14/05/2015 00:00,236.9
15/05/2015 00:00,236.95
16/05/2015 00:00,237.12
17/05/2015 00:00,235.6
18/05/2015 00:00,236.05
19/05/2015 00:00,232.24
20/05/2015 00:00,231.69
21/05/2015 00:00,233.8
22/05/2015 00:00,235.49
23/05/2015 00:00,238.99
24/05/2015 00:00,237.71
25/05/2015 00:00,239.68
26/05/2015 00:00,235.48
27/05/2015 00:00,236.21
28/05/2015 00:00,235.34
29/05/2015 00:00,236.46
30/05/2015 00:00,236.02
31/05/2015 00:00,232.07
01/06/2015 00:00,229.08
02/06/2015 00:00,223.67
03/06/2015 00:00,224.78
04/06/2015 00:00,225.11
05/06/2015 00:00,222.37
06/06/2015 00:00,224.49
07/06/2015 00:00,224.36
08/06/2015 00:00,222.86
09/06/2015 00:00,228.11
10/06/2015 00:00,229.49
11/06/2015 00:00,227.51
12/06/2015 00:00,229.01
13/06/2015 00:00,229.61
14/06/2015 00:00,231.51
15/06/2015 00:00,231.77
16/06/2015 00:00,235.92
17/06/2015 00:00,248.75
18/06/2015 00:00,245.78
19/06/2015 00:00,248.09
20/06/2015 00:00,243.42
21/06/2015 00:00,244.69
22/06/2015 00:00,243.37
23/06/2015 00:00,247.09
24/06/2015 00:00,243.78
25/06/2015 00:00,240.69
26/06/2015 00:00,241.65
27/06/2015 00:00,243.2
28/06/2015 00:00,251.17
29/06/2015 00:00,248.9
30/06/2015 00:00,256.38
01/07/2015 00:00,264.13
02/07/2015 00:00,257.07
03/07/2015 00:00,254.69
04/07/2015 00:00,255.86
05/07/2015 00:00,260.74
06/07/2015 00:00,270.33
07/07/2015 00:00,269.47
08/07/2015 00:00,266.18
09/07/2015 00:00,269.39
10/07/2015 00:00,269.65
11/07/2015 00:00,286.61
12/07/2015 00:00,292.02
13/07/2015 00:00,310.24
14/07/2015 00:00,292
15/07/2015 00:00,287.96
16/07/2015 00:00,285.55
17/07/2015 00:00,278.27
18/07/2015 00:00,279.43
19/07/2015 00:00,276.73
20/07/2015 00:00,275.5
21/07/2015 00:00,277.73
22/07/2015 00:00,276.48
23/07/2015 00:00,277.93
24/07/2015 00:00,276.67
25/07/2015 00:00,289.96
26/07/2015 00:00,289.34
27/07/2015 00:00,292.84
28/07/2015 00:00,294.27
29/07/2015 00:00,293.84
30/07/2015 00:00,289.63
31/07/2015 00:00,287.73
01/08/2015 00:00,284.39
02/08/2015 00:00,280.77
03/08/2015 00:00,281.5
04/08/2015 00:00,282.72
05/08/2015 00:00,284.65
06/08/2015 00:00,281.99
07/08/2015 00:00,281.99
08/08/2015 00:00,279.01
09/08/2015 00:00,261.71
10/08/2015 00:00,265.36
11/08/2015 00:00,264.33
12/08/2015 00:00,270
13/08/2015 00:00,268.51
14/08/2015 00:00,264.65
15/08/2015 00:00,265.71
16/08/2015 00:00,261.03
17/08/2015 00:00,256.09
18/08/2015 00:00,256.66
19/08/2015 00:00,246
20/08/2015 00:00,227.1
21/08/2015 00:00,235.95
22/08/2015 00:00,233.27
23/08/2015 00:00,230.47
24/08/2015 00:00,228.47
25/08/2015 00:00,211.79
26/08/2015 00:00,221.64
27/08/2015 00:00,225.17
28/08/2015 00:00,223.8
29/08/2015 00:00,232.09
30/08/2015 00:00,229.23
31/08/2015 00:00,228.43
01/09/2015 00:00,229.84
02/09/2015 00:00,227.65
03/09/2015 00:00,228.77
04/09/2015 00:00,226.79
05/09/2015 00:00,231.09
06/09/2015 00:00,235.45
07/09/2015 00:00,240.45
08/09/2015 00:00,240.12
09/09/2015 00:00,244.04
10/09/2015 00:00,237.96
11/09/2015 00:00,238.5
12/09/2015 00:00,239.94
13/09/2015 00:00,235.61
14/09/2015 00:00,230.17
15/09/2015 00:00,229.51
16/09/2015 00:00,229.3
17/09/2015 00:00,227.85
18/09/2015 00:00,232.44
19/09/2015 00:00,232.82
20/09/2015 00:00,230.23
21/09/2015 00:00,230.29
22/09/2015 00:00,226.15
23/09/2015 00:00,230.08
24/09/2015 00:00,229.42
25/09/2015 00:00,233.88
26/09/2015 00:00,235.14
27/09/2015 00:00,233.81
28/09/2015 00:00,232.4
29/09/2015 00:00,239.14
30/09/2015 00:00,236.78
01/10/2015 00:00,236.19
02/10/2015 00:00,237.15
03/10/2015 00:00,237.77
04/10/2015 00:00,239.06
05/10/2015 00:00,238.6
06/10/2015 00:00,240.85
07/10/2015 00:00,246.79
08/10/2015 00:00,243.47
09/10/2015 00:00,243.29
10/10/2015 00:00,244.49
11/10/2015 00:00,245.71
12/10/2015 00:00,248.05
13/10/2015 00:00,245.81
14/10/2015 00:00,249.97
15/10/2015 00:00,252.47
16/10/2015 00:00,254.49
17/10/2015 00:00,263.09
18/10/2015 00:00,270.04
19/10/2015 00:00,260.99
20/10/2015 00:00,264.28
21/10/2015 00:00,270.3
22/10/2015 00:00,267.9
23/10/2015 00:00,275.12
24/10/2015 00:00,278.6
25/10/2015 00:00,283.03
26/10/2015 00:00,283.96
27/10/2015 00:00,286.9
28/10/2015 00:00,295.59
29/10/2015 00:00,304.77
30/10/2015 00:00,314.95
31/10/2015 00:00,328.15
01/11/2015 00:00,309.3
02/11/2015 00:00,325.78
03/11/2015 00:00,361.73
04/11/2015 00:00,404.55
05/11/2015 00:00,407.99
06/11/2015 00:00,387.77
07/11/2015 00:00,374.41
08/11/2015 00:00,384.62
09/11/2015 00:00,372.86
10/11/2015 00:00,378.32
11/11/2015 00:00,336.66
12/11/2015 00:00,309.9
13/11/2015 00:00,337.17
14/11/2015 00:00,336.28
15/11/2015 00:00,333.02
16/11/2015 00:00,319.3
17/11/2015 00:00,330.95
18/11/2015 00:00,336
19/11/2015 00:00,334.53
20/11/2015 00:00,326.51
21/11/2015 00:00,322.05
22/11/2015 00:00,326.5
23/11/2015 00:00,324.24
24/11/2015 00:00,323.48
25/11/2015 00:00,319.7
26/11/2015 00:00,328.9
27/11/2015 00:00,353.9
28/11/2015 00:00,357.14
29/11/2015 00:00,356.78
30/11/2015 00:00,371.48
01/12/2015 00:00,376.7
02/12/2015 00:00,363.06
03/12/2015 00:00,359.11
04/12/2015 00:00,361.48
05/12/2015 00:00,363.62
06/12/2015 00:00,388
07/12/2015 00:00,387.18
08/12/2015 00:00,394.96
09/12/2015 00:00,418.8
10/12/2015 00:00,416.98
11/12/2015 00:00,415.36
12/12/2015 00:00,452.99
13/12/2015 00:00,436.08
14/12/2015 00:00,432.89
15/12/2015 00:00,443.36
16/12/2015 00:00,464.5
17/12/2015 00:00,455.63
18/12/2015 00:00,455.87
19/12/2015 00:00,462.99
20/12/2015 00:00,461.8
21/12/2015 00:00,442.54
22/12/2015 00:00,438.07
23/12/2015 00:00,435.18
24/12/2015 00:00,442.5
25/12/2015 00:00,455.42
26/12/2015 00:00,455.51
27/12/2015 00:00,417.11
28/12/2015 00:00,421.57
29/12/2015 00:00,420.81
30/12/2015 00:00,431.7
31/12/2015 00:00,426.09
01/01/2016 00:00,430.89
02/01/2016 00:00,434.87
03/01/2016 00:00,433.2
04/01/2016 00:00,430.79
05/01/2016 00:00,434.17
06/01/2016 00:00,432.45
07/01/2016 00:00,429.99
08/01/2016 00:00,457
09/01/2016 00:00,452.02
10/01/2016 00:00,448.84
11/01/2016 00:00,448.79
12/01/2016 00:00,448
13/01/2016 00:00,434.89
14/01/2016 00:00,432.64
15/01/2016 00:00,429.55
16/01/2016 00:00,360
17/01/2016 00:00,387.28
18/01/2016 00:00,380.16
19/01/2016 00:00,385.47
20/01/2016 00:00,376.77
21/01/2016 00:00,418.9
22/01/2016 00:00,409.42
23/01/2016 00:00,382.85
24/01/2016 00:00,386.37
25/01/2016 00:00,402.16
26/01/2016 00:00,390.1
27/01/2016 00:00,391.77
28/01/2016 00:00,394.62
29/01/2016 00:00,379.55
30/01/2016 00:00,378.12
31/01/2016 00:00,376.38
01/02/2016 00:00,368.49
02/02/2016 00:00,371.79
03/02/2016 00:00,373.05
04/02/2016 00:00,368.4
05/02/2016 00:00,388
06/02/2016 00:00,384.97
07/02/2016 00:00,375.39
08/02/2016 00:00,375
09/02/2016 00:00,370.95
10/02/2016 00:00,373.69
11/02/2016 00:00,379.34
12/02/2016 00:00,377.98
13/02/2016 00:00,383
14/02/2016 00:00,390.99
15/02/2016 00:00,405.5
16/02/2016 00:00,399.5
17/02/2016 00:00,407.51
18/02/2016 00:00,415.59
19/02/2016 00:00,421.15
20/02/2016 00:00,419.98
21/02/2016 00:00,434.63
22/02/2016 00:00,438.33
23/02/2016 00:00,438.26
24/02/2016 00:00,419.1
25/02/2016 00:00,423.79
26/02/2016 00:00,423.38
27/02/2016 00:00,432
28/02/2016 00:00,431.07
29/02/2016 00:00,430.26
01/03/2016 00:00,436.75
02/03/2016 00:00,433.33
03/03/2016 00:00,422.4
04/03/2016 00:00,420.29
05/03/2016 00:00,408.18
06/03/2016 00:00,399.77
07/03/2016 00:00,406.15
08/03/2016 00:00,413.96
09/03/2016 00:00,412.14
10/03/2016 00:00,412.99
11/03/2016 00:00,416
12/03/2016 00:00,419.14
13/03/2016 00:00,409.95
14/03/2016 00:00,412.99
15/03/2016 00:00,414.83
16/03/2016 00:00,415.84
17/03/2016 00:00,416.52
18/03/2016 00:00,418.47
19/03/2016 00:00,407.5
20/03/2016 00:00,408.36
21/03/2016 00:00,410.62
22/03/2016 00:00,411.15
23/03/2016 00:00,416.39
24/03/2016 00:00,417.62
25/03/2016 00:00,415.17
26/03/2016 00:00,415.6
27/03/2016 00:00,416.96
28/03/2016 00:00,424.62
29/03/2016 00:00,422.87
30/03/2016 00:00,415.43
31/03/2016 00:00,413.68
01/04/2016 00:00,414.66
02/04/2016 00:00,416.31
03/04/2016 00:00,419.35
04/04/2016 00:00,418.51
05/04/2016 00:00,418.81
06/04/2016 00:00,422.71
07/04/2016 00:00,420.62
08/04/2016 00:00,419.99
09/04/2016 00:00,417.75
10/04/2016 00:00,418.59
11/04/2016 00:00,420.4
12/04/2016 00:00,422.79
13/04/2016 00:00,425.32
14/04/2016 00:00,423.6
15/04/2016 00:00,424.4
16/04/2016 00:00,429.29
17/04/2016 00:00,430.18
18/04/2016 00:00,427.15
19/04/2016 00:00,428.14
20/04/2016 00:00,435.7
21/04/2016 00:00,441.99
22/04/2016 00:00,451
23/04/2016 00:00,447.16
24/04/2016 00:00,451.92
25/04/2016 00:00,460.03
26/04/2016 00:00,462.29
27/04/2016 00:00,467.39
28/04/2016 00:00,445.39
29/04/2016 00:00,449.94
30/04/2016 00:00,456.53
01/05/2016 00:00,448.43
02/05/2016 00:00,452.99
03/05/2016 00:00,444.06
04/05/2016 00:00,451.18
05/05/2016 00:00,447.36
06/05/2016 00:00,448.5
07/05/2016 00:00,458.98
08/05/2016 00:00,458.97
09/05/2016 00:00,457.75
10/05/2016 00:00,461.49
11/05/2016 00:00,450.88
12/05/2016 00:00,452.95
13/05/2016 00:00,455.2
14/05/2016 00:00,456.42
15/05/2016 00:00,456.3
16/05/2016 00:00,457.56
17/05/2016 00:00,454
18/05/2016 00:00,452.96
19/05/2016 00:00,452.47
20/05/2016 00:00,436.3
21/05/2016 00:00,442.84
22/05/2016 00:00,442.72
23/05/2016 00:00,438.72
24/05/2016 00:00,442.63
25/05/2016 00:00,445.31
26/05/2016 00:00,448.27
27/05/2016 00:00,452.07
28/05/2016 00:00,470.58
29/05/2016 00:00,522.13
30/05/2016 00:00,517.6
31/05/2016 00:00,527.64
01/06/2016 00:00,532.37
02/06/2016 00:00,536.95
03/06/2016 00:00,538
04/06/2016 00:00,569.93
05/06/2016 00:00,573.5
06/06/2016 00:00,573.8
07/06/2016 00:00,584.12
08/06/2016 00:00,577.48
09/06/2016 00:00,583.01
10/06/2016 00:00,576.06
11/06/2016 00:00,576.53
12/06/2016 00:00,610
13/06/2016 00:00,668.73
14/06/2016 00:00,703.81
15/06/2016 00:00,685.25
16/06/2016 00:00,695
17/06/2016 00:00,767.37
18/06/2016 00:00,745
19/06/2016 00:00,753.47
20/06/2016 00:00,759.12
21/06/2016 00:00,725
22/06/2016 00:00,665.36
23/06/2016 00:00,602.82
24/06/2016 00:00,622.59
25/06/2016 00:00,660.76
26/06/2016 00:00,658.8
27/06/2016 00:00,630.16
28/06/2016 00:00,657.49
29/06/2016 00:00,644.33
30/06/2016 00:00,635.91
01/07/2016 00:00,666.33
02/07/2016 00:00,674.55
03/07/2016 00:00,702.48
04/07/2016 00:00,659.77
05/07/2016 00:00,678.74
06/07/2016 00:00,669.09
07/07/2016 00:00,674.7
08/07/2016 00:00,638.89
09/07/2016 00:00,663
10/07/2016 00:00,647.78
11/07/2016 00:00,648.77
12/07/2016 00:00,649.32
13/07/2016 00:00,663.52
14/07/2016 00:00,652.24
15/07/2016 00:00,660.3
16/07/2016 00:00,664.6
17/07/2016 00:00,662.45
18/07/2016 00:00,679.54
19/07/2016 00:00,673.45
20/07/2016 00:00,674.8
21/07/2016 00:00,667.01
22/07/2016 00:00,663.25
23/07/2016 00:00,647.88
24/07/2016 00:00,655.52
25/07/2016 00:00,659.64
26/07/2016 00:00,655
27/07/2016 00:00,651.22
28/07/2016 00:00,655.13
29/07/2016 00:00,654.84
30/07/2016 00:00,654.88
31/07/2016 00:00,654.02
01/08/2016 00:00,622.5
02/08/2016 00:00,606.84
03/08/2016 00:00,540.03
04/08/2016 00:00,563.99
05/08/2016 00:00,578.14
06/08/2016 00:00,572.98
07/08/2016 00:00,589.47
08/08/2016 00:00,592.47
09/08/2016 00:00,591.85
10/08/2016 00:00,582.71
11/08/2016 00:00,590.46
12/08/2016 00:00,585.25
13/08/2016 00:00,585.34
14/08/2016 00:00,583.52
15/08/2016 00:00,568.76
16/08/2016 00:00,564.2
17/08/2016 00:00,574.95
18/08/2016 00:00,570.91
19/08/2016 00:00,571.51
20/08/2016 00:00,572.98
21/08/2016 00:00,577.7
22/08/2016 00:00,577.55
23/08/2016 00:00,582.78
24/08/2016 00:00,580.27
25/08/2016 00:00,577.65
26/08/2016 00:00,575.75
27/08/2016 00:00,577.92
28/08/2016 00:00,567.51
29/08/2016 00:00,573.2
30/08/2016 00:00,570.74
31/08/2016 00:00,575.88
01/09/2016 00:00,570.75
02/09/2016 00:00,571.05
03/09/2016 00:00,572
04/09/2016 00:00,596.25
05/09/2016 00:00,605.72
06/09/2016 00:00,604.98
07/09/2016 00:00,608.93
08/09/2016 00:00,614.44
09/09/2016 00:00,625.67
10/09/2016 00:00,622.01
11/09/2016 00:00,621.65
12/09/2016 00:00,604.08
13/09/2016 00:00,606.4
14/09/2016 00:00,607.45
15/09/2016 00:00,608.5
16/09/2016 00:00,606.65
17/09/2016 00:00,607.04
18/09/2016 00:00,602.93
19/09/2016 00:00,608
20/09/2016 00:00,608.73
21/09/2016 00:00,601
22/09/2016 00:00,595.46
23/09/2016 00:00,595.42
24/09/2016 00:00,600.47
25/09/2016 00:00,600.05
26/09/2016 00:00,598.95
27/09/2016 00:00,606.7
28/09/2016 00:00,604.26
29/09/2016 00:00,603.93
30/09/2016 00:00,605.59
01/10/2016 00:00,608.23
02/10/2016 00:00,612.98
03/10/2016 00:00,608.6
04/10/2016 00:00,612.84
05/10/2016 00:00,607.19
06/10/2016 00:00,608.01
07/10/2016 00:00,610.25
08/10/2016 00:00,614.88
09/10/2016 00:00,614.34
10/10/2016 00:00,612.12
11/10/2016 00:00,616.37
12/10/2016 00:00,638.3
13/10/2016 00:00,634.5
14/10/2016 00:00,635.16
15/10/2016 00:00,638.2
16/10/2016 00:00,635.26
17/10/2016 00:00,638.97
18/10/2016 00:00,636.96
19/10/2016 00:00,635.95
20/10/2016 00:00,627.84
21/10/2016 00:00,628.05
22/10/2016 00:00,628.99
23/10/2016 00:00,654.52
24/10/2016 00:00,648.71
25/10/2016 00:00,649.03
26/10/2016 00:00,651.97
27/10/2016 00:00,674.63
28/10/2016 00:00,684.68
29/10/2016 00:00,685.91
30/10/2016 00:00,711.1
31/10/2016 00:00,697.1
01/11/2016 00:00,697.04
02/11/2016 00:00,726.6
03/11/2016 00:00,742
04/11/2016 00:00,684.84
05/11/2016 00:00,702.95
06/11/2016 00:00,703.33
07/11/2016 00:00,709.92
08/11/2016 00:00,702.86
09/11/2016 00:00,708.17
10/11/2016 00:00,721.5
11/11/2016 00:00,714.48
12/11/2016 00:00,716.39
13/11/2016 00:00,701.17
14/11/2016 00:00,700.38
15/11/2016 00:00,704.98
16/11/2016 00:00,711.07
17/11/2016 00:00,739.71
18/11/2016 00:00,736
19/11/2016 00:00,748.98
20/11/2016 00:00,750.09
21/11/2016 00:00,727.09
22/11/2016 00:00,736.92
23/11/2016 00:00,749.13
24/11/2016 00:00,740.18
25/11/2016 00:00,735.63
26/11/2016 00:00,736.96
27/11/2016 00:00,729.91
28/11/2016 00:00,727.32
29/11/2016 00:00,730.99
30/11/2016 00:00,730.72
01/12/2016 00:00,742.06
02/12/2016 00:00,751.55
03/12/2016 00:00,770.91
04/12/2016 00:00,762.97
05/12/2016 00:00,762
06/12/2016 00:00,749.51
07/12/2016 00:00,758.97
08/12/2016 00:00,764.05
09/12/2016 00:00,766.84
10/12/2016 00:00,769.57
11/12/2016 00:00,772.28
12/12/2016 00:00,768.97
13/12/2016 00:00,777
14/12/2016 00:00,775.35
15/12/2016 00:00,777.03
16/12/2016 00:00,776.3
17/12/2016 00:00,781.32
18/12/2016 00:00,788.3
19/12/2016 00:00,788.34
20/12/2016 00:00,791.03
21/12/2016 00:00,798.65
22/12/2016 00:00,832.02
23/12/2016 00:00,858.94
24/12/2016 00:00,914.48
25/12/2016 00:00,892.61
26/12/2016 00:00,890.65
27/12/2016 00:00,897.82
28/12/2016 00:00,930.34
29/12/2016 00:00,976.46
30/12/2016 00:00,969.99
31/12/2016 00:00,959.54
01/01/2017 00:00,966.34
02/01/2017 00:00,997.75
03/01/2017 00:00,1011.44
04/01/2017 00:00,1035.51
05/01/2017 00:00,1114.38
06/01/2017 00:00,1004.73
07/01/2017 00:00,894.02
08/01/2017 00:00,906.2
09/01/2017 00:00,909.8
10/01/2017 00:00,896.09
11/01/2017 00:00,905.05
12/01/2017 00:00,778.7
13/01/2017 00:00,807.51
14/01/2017 00:00,825.98
15/01/2017 00:00,819.52
16/01/2017 00:00,821.86
17/01/2017 00:00,831.76
18/01/2017 00:00,905.95
19/01/2017 00:00,887.69
20/01/2017 00:00,902.23
21/01/2017 00:00,895.81
22/01/2017 00:00,921.98
23/01/2017 00:00,923.75
24/01/2017 00:00,913.15
25/01/2017 00:00,885.47
26/01/2017 00:00,893.25
27/01/2017 00:00,914.95
28/01/2017 00:00,918.02
29/01/2017 00:00,918.6
30/01/2017 00:00,913.12
31/01/2017 00:00,919.99
01/02/2017 00:00,963.99
02/02/2017 00:00,983.79
03/02/2017 00:00,1009.15
04/02/2017 00:00,1015.06
05/02/2017 00:00,1033.72
06/02/2017 00:00,1010.03
07/02/2017 00:00,1024
08/02/2017 00:00,1052.48
09/02/2017 00:00,1051.73
10/02/2017 00:00,985.71
11/02/2017 00:00,995.49
12/02/2017 00:00,1011.01
13/02/2017 00:00,1000.73
14/02/2017 00:00,1000.74
15/02/2017 00:00,1008.88
16/02/2017 00:00,1011.53
17/02/2017 00:00,1032.7
18/02/2017 00:00,1055.46
19/02/2017 00:00,1056.4
20/02/2017 00:00,1051.8
21/02/2017 00:00,1084
22/02/2017 00:00,1124.62
23/02/2017 00:00,1130.01
24/02/2017 00:00,1188.11
25/02/2017 00:00,1180.14
26/02/2017 00:00,1152.2
27/02/2017 00:00,1179.05
28/02/2017 00:00,1194.64
01/03/2017 00:00,1191.21
02/03/2017 00:00,1226.39
03/03/2017 00:00,1257.6
04/03/2017 00:00,1285.33
05/03/2017 00:00,1260
06/03/2017 00:00,1273
07/03/2017 00:00,1278.49
08/03/2017 00:00,1233.05
09/03/2017 00:00,1150.05
10/03/2017 00:00,1190.89
11/03/2017 00:00,1116.97
12/03/2017 00:00,1176.55
13/03/2017 00:00,1226.62
14/03/2017 00:00,1242.46
15/03/2017 00:00,1245.86
16/03/2017 00:00,1257.32
17/03/2017 00:00,1172.62
18/03/2017 00:00,1071.02
19/03/2017 00:00,969.4
20/03/2017 00:00,1017.97
21/03/2017 00:00,1035.96
22/03/2017 00:00,1114.39
23/03/2017 00:00,1037.56
24/03/2017 00:00,1029.65
25/03/2017 00:00,929.06
26/03/2017 00:00,956.02
27/03/2017 00:00,960
28/03/2017 00:00,1039.92
29/03/2017 00:00,1043.99
30/03/2017 00:00,1035.96
31/03/2017 00:00,1033.7
01/04/2017 00:00,1070.31
02/04/2017 00:00,1083.94
03/04/2017 00:00,1078.01
04/04/2017 00:00,1144.77
05/04/2017 00:00,1143
06/04/2017 00:00,1134.58
07/04/2017 00:00,1190.85
08/04/2017 00:00,1190.66
09/04/2017 00:00,1184.03
10/04/2017 00:00,1206.2
11/04/2017 00:00,1209.25
12/04/2017 00:00,1218.99
13/04/2017 00:00,1212.17
14/04/2017 00:00,1172.91
15/04/2017 00:00,1170.34
16/04/2017 00:00,1173.45
17/04/2017 00:00,1162.31
18/04/2017 00:00,1176.54
19/04/2017 00:00,1202.58
20/04/2017 00:00,1203.98
21/04/2017 00:00,1234.19
22/04/2017 00:00,1243.61
23/04/2017 00:00,1233.2
24/04/2017 00:00,1241.99
25/04/2017 00:00,1253.58
26/04/2017 00:00,1269
27/04/2017 00:00,1287.99
28/04/2017 00:00,1331.53
29/04/2017 00:00,1330.7
30/04/2017 00:00,1333
01/05/2017 00:00,1350.21
02/05/2017 00:00,1390.86
03/05/2017 00:00,1447.75
04/05/2017 00:00,1503.22
05/05/2017 00:00,1537.23
06/05/2017 00:00,1514.9
07/05/2017 00:00,1558.02
08/05/2017 00:00,1554.01
09/05/2017 00:00,1649.54
10/05/2017 00:00,1720.28
11/05/2017 00:00,1772.58
12/05/2017 00:00,1828.45
13/05/2017 00:00,1691.51
14/05/2017 00:00,1776.89
15/05/2017 00:00,1784
16/05/2017 00:00,1705.48
17/05/2017 00:00,1700.01
18/05/2017 00:00,1782.99
19/05/2017 00:00,1878.99
20/05/2017 00:00,1958
21/05/2017 00:00,2013.99
22/05/2017 00:00,2017.55
23/05/2017 00:00,2099.97
24/05/2017 00:00,2264.23
25/05/2017 00:00,2420.29
26/05/2017 00:00,2292.53
27/05/2017 00:00,2279.82
28/05/2017 00:00,2042
29/05/2017 00:00,2178.81
30/05/2017 00:00,2292.1
31/05/2017 00:00,2203.51
01/06/2017 00:00,2298.01
02/06/2017 00:00,2413.63
03/06/2017 00:00,2488.94
04/06/2017 00:00,2540.94
05/06/2017 00:00,2530.27
06/06/2017 00:00,2698
07/06/2017 00:00,2880.74
08/06/2017 00:00,2683.03
09/06/2017 00:00,2806
10/06/2017 00:00,2822.32
11/06/2017 00:00,2899.99
12/06/2017 00:00,2954.22
13/06/2017 00:00,2667.06
14/06/2017 00:00,2703.02
15/06/2017 00:00,2450
16/06/2017 00:00,2424.91
17/06/2017 00:00,2484.68
18/06/2017 00:00,2630
19/06/2017 00:00,2516.98
20/06/2017 00:00,2598
21/06/2017 00:00,2740
22/06/2017 00:00,2657.04
23/06/2017 00:00,2713.48
24/06/2017 00:00,2685.05
25/06/2017 00:00,2557.66
26/06/2017 00:00,2502.03
27/06/2017 00:00,2421.22
28/06/2017 00:00,2565
29/06/2017 00:00,2559.9
30/06/2017 00:00,2541.59
01/07/2017 00:00,2465.49
02/07/2017 00:00,2412.41
03/07/2017 00:00,2504.37
04/07/2017 00:00,2550.47
05/07/2017 00:00,2596.12
06/07/2017 00:00,2602.9
07/07/2017 00:00,2600.39
08/07/2017 00:00,2501.46
09/07/2017 00:00,2550.07
10/07/2017 00:00,2502.28
11/07/2017 00:00,2323.45
12/07/2017 00:00,2305.98
13/07/2017 00:00,2388
14/07/2017 00:00,2339.99
15/07/2017 00:00,2213.37
16/07/2017 00:00,1970.51
17/07/2017 00:00,1917.63
18/07/2017 00:00,2226
19/07/2017 00:00,2303.71
20/07/2017 00:00,2265.21
21/07/2017 00:00,2875.03
22/07/2017 00:00,2670
23/07/2017 00:00,2832.71
24/07/2017 00:00,2749.02
25/07/2017 00:00,2759.98
26/07/2017 00:00,2564.82
27/07/2017 00:00,2524.99
28/07/2017 00:00,2666.33
29/07/2017 00:00,2777.01
30/07/2017 00:00,2680.56
31/07/2017 00:00,2742.37
01/08/2017 00:00,2855.81
02/08/2017 00:00,2731
03/08/2017 00:00,2703.51
04/08/2017 00:00,2793.37
05/08/2017 00:00,2855
06/08/2017 00:00,3263.62
07/08/2017 00:00,3222.75
08/08/2017 00:00,3387.55
09/08/2017 00:00,3412.41
10/08/2017 00:00,3342.99
11/08/2017 00:00,3413.03
12/08/2017 00:00,3645.06
13/08/2017 00:00,3855.1
14/08/2017 00:00,4053.87
15/08/2017 00:00,4306.23
16/08/2017 00:00,4155.67
17/08/2017 00:00,4378.84
18/08/2017 00:00,4276.5
19/08/2017 00:00,4100
20/08/2017 00:00,4099.55
21/08/2017 00:00,4058.68
22/08/2017 00:00,3987.52
23/08/2017 00:00,4085
24/08/2017 00:00,4108.12
25/08/2017 00:00,4300.34
26/08/2017 00:00,4355.98
27/08/2017 00:00,4333.38
28/08/2017 00:00,4337.68
29/08/2017 00:00,4379.99
30/08/2017 00:00,4578.82
31/08/2017 00:00,4573.2
01/09/2017 00:00,4734.26
02/09/2017 00:00,4921.7
03/09/2017 00:00,4599.9
04/09/2017 00:00,4606.26
05/09/2017 00:00,4277
06/09/2017 00:00,4396.52
07/09/2017 00:00,4605.8
08/09/2017 00:00,4615
09/09/2017 00:00,4312
10/09/2017 00:00,4308.72
11/09/2017 00:00,4226.22
12/09/2017 00:00,4207.31
13/09/2017 00:00,4172.56
14/09/2017 00:00,3865.34
15/09/2017 00:00,3227.79
16/09/2017 00:00,3700.01
17/09/2017 00:00,3678.93
18/09/2017 00:00,3662.99
19/09/2017 00:00,4101.6
20/09/2017 00:00,3888.8
21/09/2017 00:00,3874.46
22/09/2017 00:00,3617.05
23/09/2017 00:00,3612.18
24/09/2017 00:00,3779.17
25/09/2017 00:00,3664.22
26/09/2017 00:00,3918
27/09/2017 00:00,3888.03
28/09/2017 00:00,4199.29
29/09/2017 00:00,4184.84
30/09/2017 00:00,4164.82
01/10/2017 00:00,4326.09
02/10/2017 00:00,4377.22
03/10/2017 00:00,4391.48
04/10/2017 00:00,4315.83
05/10/2017 00:00,4219.53
06/10/2017 00:00,4301.09
07/10/2017 00:00,4362.95
08/10/2017 00:00,4423.3
09/10/2017 00:00,4597.98
10/10/2017 00:00,4764.7
11/10/2017 00:00,4749.29
12/10/2017 00:00,4822.01
13/10/2017 00:00,5445
14/10/2017 00:00,5653.6
15/10/2017 00:00,5801.29
16/10/2017 00:00,5679.7
17/10/2017 00:00,5745.72
18/10/2017 00:00,5597.31
19/10/2017 00:00,5582.05
20/10/2017 00:00,5698.69
21/10/2017 00:00,5977.29
22/10/2017 00:00,6013.46
23/10/2017 00:00,5969
24/10/2017 00:00,5871.17
25/10/2017 00:00,5523.4
26/10/2017 00:00,5735.88
27/10/2017 00:00,5890
28/10/2017 00:00,5771.89
29/10/2017 00:00,5730.69
30/10/2017 00:00,6137.37
31/10/2017 00:00,6119.99
01/11/2017 00:00,6434.21
02/11/2017 00:00,6741.59
03/11/2017 00:00,7030
04/11/2017 00:00,7146.82
05/11/2017 00:00,7388.83
06/11/2017 00:00,7372.72
07/11/2017 00:00,6967.68
08/11/2017 00:00,7130.28
09/11/2017 00:00,7450.32
10/11/2017 00:00,7148
11/11/2017 00:00,6588.18
12/11/2017 00:00,6355.13
13/11/2017 00:00,5870.37
14/11/2017 00:00,6525.17
15/11/2017 00:00,6609
16/11/2017 00:00,7294
17/11/2017 00:00,7846.96
18/11/2017 00:00,7674.99
19/11/2017 00:00,7771.03
20/11/2017 00:00,8016.58
21/11/2017 00:00,8226.17
22/11/2017 00:00,8095.23
23/11/2017 00:00,8214.69
24/11/2017 00:00,7989
25/11/2017 00:00,8199.19
26/11/2017 00:00,8717.99
27/11/2017 00:00,9271.06
28/11/2017 00:00,9708.07
29/11/2017 00:00,9868.82
30/11/2017 00:00,9824.68
01/12/2017 00:00,9947.67
02/12/2017 00:00,10840.45
03/12/2017 00:00,10872
04/12/2017 00:00,11250
05/12/2017 00:00,11613.07
06/12/2017 00:00,11677
07/12/2017 00:00,13623.5
08/12/2017 00:00,16599.99
09/12/2017 00:00,15800
10/12/2017 00:00,14607.49
11/12/2017 00:00,14691
12/12/2017 00:00,16470
13/12/2017 00:00,16650.01
14/12/2017 00:00,16250
15/12/2017 00:00,16404.99
16/12/2017 00:00,17471.5
17/12/2017 00:00,19187.78
18/12/2017 00:00,18953
19/12/2017 00:00,18940.57
20/12/2017 00:00,17700
21/12/2017 00:00,16466.98
22/12/2017 00:00,15600.01
23/12/2017 00:00,14009.79
24/12/2017 00:00,14619
25/12/2017 00:00,14157.87
26/12/2017 00:00,13911.28
27/12/2017 00:00,15764.44
28/12/2017 00:00,15364.93
29/12/2017 00:00,14470.07
30/12/2017 00:00,14340
31/12/2017 00:00,12640
01/01/2018 00:00,13880
02/01/2018 00:00,13443.41
03/01/2018 00:00,14678.94
04/01/2018 00:00,15155.62
05/01/2018 00:00,15143.67
06/01/2018 00:00,16928
07/01/2018 00:00,17149.67
08/01/2018 00:00,16124.02
09/01/2018 00:00,14999.99
10/01/2018 00:00,14403.51
11/01/2018 00:00,14890.02
12/01/2018 00:00,13243.83
13/01/2018 00:00,13781.41
14/01/2018 00:00,14197.78
15/01/2018 00:00,13647.99
16/01/2018 00:00,13607.04
17/01/2018 00:00,11386.34
18/01/2018 00:00,11191.35
19/01/2018 00:00,11247.57
20/01/2018 00:00,11552
21/01/2018 00:00,12775.99
22/01/2018 00:00,11558.87
23/01/2018 00:00,10808.99
24/01/2018 00:00,10851.82
25/01/2018 00:00,11400.96
26/01/2018 00:00,11155.54
27/01/2018 00:00,11092.95
28/01/2018 00:00,11446.54
29/01/2018 00:00,11685.58
30/01/2018 00:00,11162.62
31/01/2018 00:00,9971
01/02/2018 00:00,10149
02/02/2018 00:00,8998.99
03/02/2018 00:00,8838.83
04/02/2018 00:00,9225.86
05/02/2018 00:00,8191
06/02/2018 00:00,6874.27
07/02/2018 00:00,7737.37
08/02/2018 00:00,7588.01
09/02/2018 00:00,8259.76
10/02/2018 00:00,8693.98
11/02/2018 00:00,8560
12/02/2018 00:00,8067
13/02/2018 00:00,8899
14/02/2018 00:00,8522.99
15/02/2018 00:00,9490.98
16/02/2018 00:00,10018
17/02/2018 00:00,10196
18/02/2018 00:00,11101
19/02/2018 00:00,10421.06
20/02/2018 00:00,11173
21/02/2018 00:00,11233.41
22/02/2018 00:00,10449.4
23/02/2018 00:00,9843.34
24/02/2018 00:00,10166.1
25/02/2018 00:00,9689.99
26/02/2018 00:00,9590.04
27/02/2018 00:00,10324.7
28/02/2018 00:00,10572.49
01/03/2018 00:00,10314.99
02/03/2018 00:00,10917.37
03/03/2018 00:00,11032.81
04/03/2018 00:00,11445
05/03/2018 00:00,11479.68
06/03/2018 00:00,11417.39
07/03/2018 00:00,10723.01
08/03/2018 00:00,9904.52
09/03/2018 00:00,9293.06
10/03/2018 00:00,9228.83
11/03/2018 00:00,8795.04
12/03/2018 00:00,9535.04
13/03/2018 00:00,9115.24
14/03/2018 00:00,9152.07
15/03/2018 00:00,8195.99
16/03/2018 00:00,8265.05
17/03/2018 00:00,8258.54
18/03/2018 00:00,7860.83
19/03/2018 00:00,8205.55
20/03/2018 00:00,8596.79
21/03/2018 00:00,8904.02
22/03/2018 00:00,8892.18
23/03/2018 00:00,8708.52
24/03/2018 00:00,8917.99
25/03/2018 00:00,8541.96
26/03/2018 00:00,8451.12
27/03/2018 00:00,8152.26
28/03/2018 00:00,7791.69
29/03/2018 00:00,7932.41
30/03/2018 00:00,7086.14
31/03/2018 00:00,6839.63
01/04/2018 00:00,6926.5
02/04/2018 00:00,6816.31
03/04/2018 00:00,7052.75
04/04/2018 00:00,7415.53
05/04/2018 00:00,6799.37
06/04/2018 00:00,6771.3
07/04/2018 00:00,6627.7
08/04/2018 00:00,6904.21
09/04/2018 00:00,7027.26
10/04/2018 00:00,6782.39
11/04/2018 00:00,6824.75
12/04/2018 00:00,6940.94
13/04/2018 00:00,7923.78
14/04/2018 00:00,7885.9
15/04/2018 00:00,8003.39
16/04/2018 00:00,8353.43
17/04/2018 00:00,8054.68
18/04/2018 00:00,7890.87
19/04/2018 00:00,8172.83
20/04/2018 00:00,8273
21/04/2018 00:00,8865.78
22/04/2018 00:00,8924.93
23/04/2018 00:00,8781.7
24/04/2018 00:00,8942
25/04/2018 00:00,9648.36
26/04/2018 00:00,8855.07
27/04/2018 00:00,9277.32
28/04/2018 00:00,8916.54
29/04/2018 00:00,9352.97
30/04/2018 00:00,9396.32
01/05/2018 00:00,9243.51
02/05/2018 00:00,9066.9
03/05/2018 00:00,9220
04/05/2018 00:00,9737
05/05/2018 00:00,9689
06/05/2018 00:00,9827.04
07/05/2018 00:00,9621.99
08/05/2018 00:00,9356.79
09/05/2018 00:00,9181.52
10/05/2018 00:00,9308.49
11/05/2018 00:00,9007.19
12/05/2018 00:00,8408.79
13/05/2018 00:00,8481.72
14/05/2018 00:00,8696.54
15/05/2018 00:00,8674.53
16/05/2018 00:00,8481.99
17/05/2018 00:00,8337.77
18/05/2018 00:00,8058.16
19/05/2018 00:00,8248.99
20/05/2018 00:00,8225.55
21/05/2018 00:00,8518.64
22/05/2018 00:00,8403.23
23/05/2018 00:00,7983.98
24/05/2018 00:00,7509.99
25/05/2018 00:00,7579.3
26/05/2018 00:00,7459.21
27/05/2018 00:00,7335.99
28/05/2018 00:00,7348.64
29/05/2018 00:00,7112.2
30/05/2018 00:00,7469.45
31/05/2018 00:00,7375.64
01/06/2018 00:00,7492.28
02/06/2018 00:00,7511.72
03/06/2018 00:00,7642
04/06/2018 00:00,7712.97
05/06/2018 00:00,7494.99
06/06/2018 00:00,7617.98
07/06/2018 00:00,7658.99
08/06/2018 00:00,7676.41
09/06/2018 00:00,7618.11
10/06/2018 00:00,7498
11/06/2018 00:00,6781.17
12/06/2018 00:00,6880.76
13/06/2018 00:00,6557.66
14/06/2018 00:00,6308.49
15/06/2018 00:00,6638.8
16/06/2018 00:00,6390.6
17/06/2018 00:00,6487.92
18/06/2018 00:00,6451.03
19/06/2018 00:00,6711.3
20/06/2018 00:00,6728.44
21/06/2018 00:00,6756.6
22/06/2018 00:00,6718.33
23/06/2018 00:00,6055.17
24/06/2018 00:00,6169.91
25/06/2018 00:00,6153.6
26/06/2018 00:00,6252.28
27/06/2018 00:00,6073.99
28/06/2018 00:00,6135.64
29/06/2018 00:00,5845.2
30/06/2018 00:00,6204.01
01/07/2018 00:00,6385.75
02/07/2018 00:00,6345.48
03/07/2018 00:00,6605.46
04/07/2018 00:00,6507.99
05/07/2018 00:00,6575.62
06/07/2018 00:00,6533.69
07/07/2018 00:00,6604.74
08/07/2018 00:00,6755.46
09/07/2018 00:00,6706.6
10/07/2018 00:00,6666.75
11/07/2018 00:00,6304.45
12/07/2018 00:00,6379.13
13/07/2018 00:00,6243.53
14/07/2018 00:00,6208.78
15/07/2018 00:00,6245.99
16/07/2018 00:00,6353.25
17/07/2018 00:00,6721.21
18/07/2018 00:00,7310.71
19/07/2018 00:00,7384.92
20/07/2018 00:00,7474.35
21/07/2018 00:00,7330.84
22/07/2018 00:00,7398.16
23/07/2018 00:00,7393.5
24/07/2018 00:00,7712.46
25/07/2018 00:00,8394.48
26/07/2018 00:00,8174.06
27/07/2018 00:00,7926
28/07/2018 00:00,8177.72
29/07/2018 00:00,8231.07
30/07/2018 00:00,8216.74
31/07/2018 00:00,8162.28
01/08/2018 00:00,7726.85
02/08/2018 00:00,7600.22
03/08/2018 00:00,7535
04/08/2018 00:00,7416.98
05/08/2018 00:00,7009.94
06/08/2018 00:00,7028.89
07/08/2018 00:00,6932.18
08/08/2018 00:00,6717.67
09/08/2018 00:00,6283.89
10/08/2018 00:00,6544.98
11/08/2018 00:00,6139.99
12/08/2018 00:00,6240.49
13/08/2018 00:00,6311.99
14/08/2018 00:00,6252.63
15/08/2018 00:00,6194.3
16/08/2018 00:00,6273.34
17/08/2018 00:00,6314.08
18/08/2018 00:00,6578.13
19/08/2018 00:00,6397.37
20/08/2018 00:00,6481.63
21/08/2018 00:00,6260.83
22/08/2018 00:00,6478.99
23/08/2018 00:00,6355.97
24/08/2018 00:00,6525.99
25/08/2018 00:00,6692.99
26/08/2018 00:00,6732.99
27/08/2018 00:00,6700.13
28/08/2018 00:00,6911.7
29/08/2018 00:00,7079.46
30/08/2018 00:00,7034.47
31/08/2018 00:00,6984.34
01/09/2018 00:00,7015.78
02/09/2018 00:00,7195.8
03/09/2018 00:00,7291.94
04/09/2018 00:00,7261.29
05/09/2018 00:00,7353.48
06/09/2018 00:00,6671.95
07/09/2018 00:00,6488.01
08/09/2018 00:00,6401.01
09/09/2018 00:00,6178.31
10/09/2018 00:00,6238.99
11/09/2018 00:00,6303.99
12/09/2018 00:00,6274.6
13/09/2018 00:00,6326.83
14/09/2018 00:00,6482.95
15/09/2018 00:00,6476.51
16/09/2018 00:00,6521.49
17/09/2018 00:00,6499.28
18/09/2018 00:00,6251.49
19/09/2018 00:00,6330
20/09/2018 00:00,6388.4
21/09/2018 00:00,6492.98
22/09/2018 00:00,6748.85
23/09/2018 00:00,6710.01
24/09/2018 00:00,6703.37
25/09/2018 00:00,6578.7
26/09/2018 00:00,6428.09
27/09/2018 00:00,6454.32
28/09/2018 00:00,6684.5
29/09/2018 00:00,6609.02
30/09/2018 00:00,6574.29
01/10/2018 00:00,6597.79
02/10/2018 00:00,6569.32
03/10/2018 00:00,6500
04/10/2018 00:00,6454.81
05/10/2018 00:00,6548.83
06/10/2018 00:00,6582.11
07/10/2018 00:00,6547.93
08/10/2018 00:00,6574.15
09/10/2018 00:00,6604.76
10/10/2018 00:00,6588.72
11/10/2018 00:00,6517.55
12/10/2018 00:00,6152.76
13/10/2018 00:00,6182.03
14/10/2018 00:00,6201.23
15/10/2018 00:00,6185.04
16/10/2018 00:00,6438.2
17/10/2018 00:00,6457.67
18/10/2018 00:00,6440.07
19/10/2018 00:00,6394.23
20/10/2018 00:00,6380.47
21/10/2018 00:00,6412.86
22/10/2018 00:00,6412.62
23/10/2018 00:00,6409.39
24/10/2018 00:00,6396.24
25/10/2018 00:00,6411.96
26/10/2018 00:00,6393.38
27/10/2018 00:00,6406.1
28/10/2018 00:00,6407.66
29/10/2018 00:00,6404.27
30/10/2018 00:00,6266.47
31/10/2018 00:00,6269.45
01/11/2018 00:00,6304.5
02/11/2018 00:00,6343.85
03/11/2018 00:00,6350.05
04/11/2018 00:00,6333.59
05/11/2018 00:00,6428.23
06/11/2018 00:00,6404.97
07/11/2018 00:00,6448.17
08/11/2018 00:00,6501
09/11/2018 00:00,6405.49
10/11/2018 00:00,6325
11/11/2018 00:00,6349.39
12/11/2018 00:00,6352.57
13/11/2018 00:00,6318.01
14/11/2018 00:00,6255.86
15/11/2018 00:00,5592.23
16/11/2018 00:00,5571.12
17/11/2018 00:00,5514.62
18/11/2018 00:00,5503.36
19/11/2018 00:00,5553.01
20/11/2018 00:00,4732.92
21/11/2018 00:00,4349.41
22/11/2018 00:00,4551.47
23/11/2018 00:00,4268.4
24/11/2018 00:00,4288.25
25/11/2018 00:00,3780.67
26/11/2018 00:00,3934.22
27/11/2018 00:00,3727.34
28/11/2018 00:00,3771.01
29/11/2018 00:00,4219.77
30/11/2018 00:00,4250
01/12/2018 00:00,3970.56
02/12/2018 00:00,4140.4
03/12/2018 00:00,4099.63
04/12/2018 00:00,3830.81
05/12/2018 00:00,3903.52
06/12/2018 00:00,3694.03
07/12/2018 00:00,3437.22
08/12/2018 00:00,3376.27
09/12/2018 00:00,3398.8
10/12/2018 00:00,3528.68
11/12/2018 00:00,3406.41
12/12/2018 00:00,3345.01
13/12/2018 00:00,3430.2
14/12/2018 00:00,3263.55
15/12/2018 00:00,3194.04
16/12/2018 00:00,3180.84
17/12/2018 00:00,3191.41
18/12/2018 00:00,3499.37
19/12/2018 00:00,3667.16
20/12/2018 00:00,3684.03
21/12/2018 00:00,4073.58
22/12/2018 00:00,3842.59
23/12/2018 00:00,3977.65
24/12/2018 00:00,3947.82
25/12/2018 00:00,4034.54
26/12/2018 00:00,3780
27/12/2018 00:00,3810.01
28/12/2018 00:00,3590.26
29/12/2018 00:00,3884.66
30/12/2018 00:00,3728.96
31/12/2018 00:00,3831.03
01/01/2019 00:00,3693.85
02/01/2019 00:00,3825.41
03/01/2019 00:00,3890.27
04/01/2019 00:00,3785.64
05/01/2019 00:00,3822
06/01/2019 00:00,3795.38
07/01/2019 00:00,4040.71
08/01/2019 00:00,4005
09/01/2019 00:00,3994.75
10/01/2019 00:00,4003.09
11/01/2019 00:00,3627.65
12/01/2019 00:00,3631
13/01/2019 00:00,3617.75
14/01/2019 00:00,3517.03
15/01/2019 00:00,3664.28
16/01/2019 00:00,3576.92
17/01/2019 00:00,3609.5
18/01/2019 00:00,3638.01
19/01/2019 00:00,3609.29
20/01/2019 00:00,3680
21/01/2019 00:00,3537.42
22/01/2019 00:00,3531.51
23/01/2019 00:00,3574.44
24/01/2019 00:00,3553.2
25/01/2019 00:00,3570.67
26/01/2019 00:00,3560.94
27/01/2019 00:00,3555.31
28/01/2019 00:00,3532.23
29/01/2019 00:00,3431.43
30/01/2019 00:00,3391.25
31/01/2019 00:00,3438
01/02/2019 00:00,3413.69
02/02/2019 00:00,3434.83
03/02/2019 00:00,3470.5
04/02/2019 00:00,3413.75
05/02/2019 00:00,3409.81
06/02/2019 00:00,3431.81
07/02/2019 00:00,3364
08/02/2019 00:00,3358.39
09/02/2019 00:00,3626.12
10/02/2019 00:00,3622.74
11/02/2019 00:00,3651.32
12/02/2019 00:00,3588.99
13/02/2019 00:00,3585.7
14/02/2019 00:00,3575.01
15/02/2019 00:00,3560.45
16/02/2019 00:00,3566.29
17/02/2019 00:00,3580.43
18/02/2019 00:00,3625.6
19/02/2019 00:00,3870.97
20/02/2019 00:00,3889.92
21/02/2019 00:00,3936.8
22/02/2019 00:00,3900.64
23/02/2019 00:00,3939.83
24/02/2019 00:00,4113.56
25/02/2019 00:00,3733.78
26/02/2019 00:00,3817.93
27/02/2019 00:00,3794.42
28/02/2019 00:00,3796.49
01/03/2019 00:00,3791.02
02/03/2019 00:00,3805
03/03/2019 00:00,3810.47
04/03/2019 00:00,3789.7
05/03/2019 00:00,3698.65
06/03/2019 00:00,3844.07
07/03/2019 00:00,3851.26
08/03/2019 00:00,3856.78
09/03/2019 00:00,3841.27
10/03/2019 00:00,3916.42
11/03/2019 00:00,3898.14
12/03/2019 00:00,3848.86
13/03/2019 00:00,3861.37
14/03/2019 00:00,3848.1
15/03/2019 00:00,3857.33
16/03/2019 00:00,3899.19
17/03/2019 00:00,3990
18/03/2019 00:00,3965.63
19/03/2019 00:00,3969.94
20/03/2019 00:00,3999.5
21/03/2019 00:00,4033.7
22/03/2019 00:00,3974.5
23/03/2019 00:00,3980.4
24/03/2019 00:00,3979.19
25/03/2019 00:00,3970.23
26/03/2019 00:00,3910
27/03/2019 00:00,3922.58
28/03/2019 00:00,4025.5
29/03/2019 00:00,4011
30/03/2019 00:00,4090
31/03/2019 00:00,4094.92
01/04/2019 00:00,4092.02
02/04/2019 00:00,4133.93
03/04/2019 00:00,4899.01
04/04/2019 00:00,4972.83
05/04/2019 00:00,4911.14
06/04/2019 00:00,5041
07/04/2019 00:00,5041.92
08/04/2019 00:00,5192.92
09/04/2019 00:00,5287.97
10/04/2019 00:00,5184.03
11/04/2019 00:00,5323.47
12/04/2019 00:00,5037.82
13/04/2019 00:00,5075.74
14/04/2019 00:00,5064
15/04/2019 00:00,5160.54
16/04/2019 00:00,5027.33
17/04/2019 00:00,5201.47
18/04/2019 00:00,5227.6
19/04/2019 00:00,5283
20/04/2019 00:00,5289.91
21/04/2019 00:00,5318.94
22/04/2019 00:00,5295.96
23/04/2019 00:00,5388.22
24/04/2019 00:00,5531.29
25/04/2019 00:00,5440.95
26/04/2019 00:00,5132.5
27/04/2019 00:00,5154.11
28/04/2019 00:00,5171.51
29/04/2019 00:00,5152.98
30/04/2019 00:00,5150.21
01/05/2019 00:00,5267.86
02/05/2019 00:00,5322.28
03/05/2019 00:00,5385
04/05/2019 00:00,5659.82
05/05/2019 00:00,5766.46
06/05/2019 00:00,5714.4
07/05/2019 00:00,5686.88
08/05/2019 00:00,5751.54
09/05/2019 00:00,5945.32
10/05/2019 00:00,6151.66
11/05/2019 00:00,6338.93
12/05/2019 00:00,7214.4
13/05/2019 00:00,6968.84
14/05/2019 00:00,7810.72
15/05/2019 00:00,7991.72
16/05/2019 00:00,8203.97
17/05/2019 00:00,7879.28
18/05/2019 00:00,7352.39
19/05/2019 00:00,7257.82
20/05/2019 00:00,8193.45
21/05/2019 00:00,8007.67
22/05/2019 00:00,7949.18
23/05/2019 00:00,7622.9
24/05/2019 00:00,7880.4
25/05/2019 00:00,7999.02
26/05/2019 00:00,8066.15
27/05/2019 00:00,8733.27
28/05/2019 00:00,8774.45
29/05/2019 00:00,8715.35
30/05/2019 00:00,8663.07
31/05/2019 00:00,8277.76
01/06/2019 00:00,8545.8
02/06/2019 00:00,8560.1
03/06/2019 00:00,8735.84
04/06/2019 00:00,8103.63
05/06/2019 00:00,7673.41
06/06/2019 00:00,7784.62
07/06/2019 00:00,7801.97
08/06/2019 00:00,8002.68
09/06/2019 00:00,7933.17
10/06/2019 00:00,7629.98
11/06/2019 00:00,8017.99
12/06/2019 00:00,7915.7
13/06/2019 00:00,8171.12
14/06/2019 00:00,8235.44
15/06/2019 00:00,8694.74
16/06/2019 00:00,8857.19
17/06/2019 00:00,8973.02
18/06/2019 00:00,9333.48
19/06/2019 00:00,9076.51
20/06/2019 00:00,9280.17
21/06/2019 00:00,9534.99
22/06/2019 00:00,10222.13
23/06/2019 00:00,10665.66
24/06/2019 00:00,10827.23
25/06/2019 00:00,11030
26/06/2019 00:00,11760
27/06/2019 00:00,12927.44
28/06/2019 00:00,11153.73
29/06/2019 00:00,12354.45
30/06/2019 00:00,11867.35
01/07/2019 00:00,10759.24
02/07/2019 00:00,10581.78
03/07/2019 00:00,10830.1
04/07/2019 00:00,11970
05/07/2019 00:00,11144.82
06/07/2019 00:00,10996.82
07/07/2019 00:00,11233.21
08/07/2019 00:00,11478.43
09/07/2019 00:00,12299.94
10/07/2019 00:00,12574.88
11/07/2019 00:00,12101.44
12/07/2019 00:00,11352.74
13/07/2019 00:00,11811.08
14/07/2019 00:00,11382.03
15/07/2019 00:00,10191.87
16/07/2019 00:00,10848.27
17/07/2019 00:00,9427.45
18/07/2019 00:00,9712.15
19/07/2019 00:00,10638.44
20/07/2019 00:00,10533.71
21/07/2019 00:00,10757.15
22/07/2019 00:00,10605.03
23/07/2019 00:00,10315.87
24/07/2019 00:00,9841.42
25/07/2019 00:00,9781.52
26/07/2019 00:00,9886.08
27/07/2019 00:00,9846.94
28/07/2019 00:00,9467.84
29/07/2019 00:00,9538.73
30/07/2019 00:00,9508.21
31/07/2019 00:00,9592.26
01/08/2019 00:00,10096.01
02/08/2019 00:00,10416.79
03/08/2019 00:00,10529.51
04/08/2019 00:00,10812.58
05/08/2019 00:00,10986.55
06/08/2019 00:00,11800
07/08/2019 00:00,11471.58
08/08/2019 00:00,11973.46
09/08/2019 00:00,11985.6
10/08/2019 00:00,11859.32
11/08/2019 00:00,11273.03
12/08/2019 00:00,11527.44
13/08/2019 00:00,11380.61
14/08/2019 00:00,10862.25
15/08/2019 00:00,10022.5
16/08/2019 00:00,10294.9
17/08/2019 00:00,10351.18
18/08/2019 00:00,10221.94
19/08/2019 00:00,10318.99
20/08/2019 00:00,10927.3
21/08/2019 00:00,10778.75
22/08/2019 00:00,10123.56
23/08/2019 00:00,10112.45
24/08/2019 00:00,10401.87
25/08/2019 00:00,10149.38
26/08/2019 00:00,10136.75
27/08/2019 00:00,10355.11
28/08/2019 00:00,10171.39
29/08/2019 00:00,9720.2
30/08/2019 00:00,9490.56
31/08/2019 00:00,9569.3
01/09/2019 00:00,9593.5
02/09/2019 00:00,9767.56
03/09/2019 00:00,10384.07
04/09/2019 00:00,10617.72
05/09/2019 00:00,10586.26
06/09/2019 00:00,10573.04
07/09/2019 00:00,10309.04
08/09/2019 00:00,10497.57
09/09/2019 00:00,10387.33
10/09/2019 00:00,10317.62
11/09/2019 00:00,10093.39
12/09/2019 00:00,10163.81
13/09/2019 00:00,10423.99
14/09/2019 00:00,10365.81
15/09/2019 00:00,10362.52
16/09/2019 00:00,10320.36
17/09/2019 00:00,10257.2
18/09/2019 00:00,10182.96
19/09/2019 00:00,10161.59
20/09/2019 00:00,10284.72
21/09/2019 00:00,10169.02
22/09/2019 00:00,9973
23/09/2019 00:00,10022.38
24/09/2019 00:00,9685.69
25/09/2019 00:00,8536.71
26/09/2019 00:00,8443.44
27/09/2019 00:00,8055.25
28/09/2019 00:00,8199.96
29/09/2019 00:00,8218.07
30/09/2019 00:00,8060.13
01/10/2019 00:00,8304.47
02/10/2019 00:00,8326.41
03/10/2019 00:00,8377.68
04/10/2019 00:00,8243.39
05/10/2019 00:00,8157.89
06/10/2019 00:00,8150.73
07/10/2019 00:00,7863.75
08/10/2019 00:00,8211.04
09/10/2019 00:00,8185.85
10/10/2019 00:00,8586.57
11/10/2019 00:00,8589.08
12/10/2019 00:00,8265.16
13/10/2019 00:00,8303.43
14/10/2019 00:00,8278.39
15/10/2019 00:00,8353.33
16/10/2019 00:00,8162.45
17/10/2019 00:00,7995.73
18/10/2019 00:00,8069.26
19/10/2019 00:00,7950.48
20/10/2019 00:00,7965.39
21/10/2019 00:00,8236.49
22/10/2019 00:00,8206.53
23/10/2019 00:00,8021.57
24/10/2019 00:00,7470.77
25/10/2019 00:00,7427
26/10/2019 00:00,8677.09
27/10/2019 00:00,9262.72
28/10/2019 00:00,9547.32
29/10/2019 00:00,9216.39
30/10/2019 00:00,9426.94
31/10/2019 00:00,9169.55
01/11/2019 00:00,9158.08
02/11/2019 00:00,9250.7
03/11/2019 00:00,9304.75
04/11/2019 00:00,9207
05/11/2019 00:00,9410.76
06/11/2019 00:00,9319.1
07/11/2019 00:00,9346.02
08/11/2019 00:00,9209.3
09/11/2019 00:00,8760.38
10/11/2019 00:00,8806.85
11/11/2019 00:00,9029.88
12/11/2019 00:00,8720.36
13/11/2019 00:00,8817
14/11/2019 00:00,8765.53
15/11/2019 00:00,8632.07
16/11/2019 00:00,8459.38
17/11/2019 00:00,8485.61
18/11/2019 00:00,8499.53
19/11/2019 00:00,8176.9
20/11/2019 00:00,8124.08
21/11/2019 00:00,8085.54
22/11/2019 00:00,7612.23
23/11/2019 00:00,7276.21
24/11/2019 00:00,7330.98
25/11/2019 00:00,6900.9
26/11/2019 00:00,7127.12
27/11/2019 00:00,7168.74
28/11/2019 00:00,7517.82
29/11/2019 00:00,7429.32
30/11/2019 00:00,7753.69
01/12/2019 00:00,7560.2
02/12/2019 00:00,7411.75
03/12/2019 00:00,7317.94
04/12/2019 00:00,7299.2
05/12/2019 00:00,7199.58
06/12/2019 00:00,7397.35
07/12/2019 00:00,7535.46
08/12/2019 00:00,7505.86
09/12/2019 00:00,7516.8
10/12/2019 00:00,7332.05
11/12/2019 00:00,7224.5
12/12/2019 00:00,7208.95
13/12/2019 00:00,7185.15
14/12/2019 00:00,7255.94
15/12/2019 00:00,7066.35
16/12/2019 00:00,7115.08
17/12/2019 00:00,6882.08
18/12/2019 00:00,6619.53
19/12/2019 00:00,7286.91
20/12/2019 00:00,7157.53
21/12/2019 00:00,7194.13
22/12/2019 00:00,7147.4
23/12/2019 00:00,7521.88
24/12/2019 00:00,7317.47
25/12/2019 00:00,7247.45
26/12/2019 00:00,7195.8
27/12/2019 00:00,7195.17
28/12/2019 00:00,7247.7
29/12/2019 00:00,7297.43
30/12/2019 00:00,7372.79
31/12/2019 00:00,7222.74
01/01/2020 00:00,7160.69
02/01/2020 00:00,7174.7
03/01/2020 00:00,6945.7
04/01/2020 00:00,7332.58
05/01/2020 00:00,7356.05
06/01/2020 00:00,7352.12
07/01/2020 00:00,7768.17
08/01/2020 00:00,8151.79
09/01/2020 00:00,8048.94
10/01/2020 00:00,7812.7
11/01/2020 00:00,8200
12/01/2020 00:00,8008.1
13/01/2020 00:00,8180.75
14/01/2020 00:00,8105.01
15/01/2020 00:00,8813.2
16/01/2020 00:00,8810.62
17/01/2020 00:00,8715.39
18/01/2020 00:00,8898.03
19/01/2020 00:00,8901.02
20/01/2020 00:00,8698.97
21/01/2020 00:00,8629.66
22/01/2020 00:00,8728.47
23/01/2020 00:00,8661.63
24/01/2020 00:00,8382.08
25/01/2020 00:00,8435.83
26/01/2020 00:00,8320
27/01/2020 00:00,8600
28/01/2020 00:00,8894.57
29/01/2020 00:00,9386.57
30/01/2020 00:00,9280.83
31/01/2020 00:00,9510.84
01/02/2020 00:00,9339.26
02/02/2020 00:00,9379.6
03/02/2020 00:00,9309.69
04/02/2020 00:00,9281
05/02/2020 00:00,9168.49
06/02/2020 00:00,9617.84
07/02/2020 00:00,9754.63
08/02/2020 00:00,9803.71
09/02/2020 00:00,9907.7
10/02/2020 00:00,10173.51
11/02/2020 00:00,9851.99
12/02/2020 00:00,10270.98
13/02/2020 00:00,10348.78
14/02/2020 00:00,10229.19
15/02/2020 00:00,10364.04
16/02/2020 00:00,9909.71
17/02/2020 00:00,9925.96
18/02/2020 00:00,9725.57
19/02/2020 00:00,10190.3
20/02/2020 00:00,9589.1
21/02/2020 00:00,9610.4
22/02/2020 00:00,9696.13
23/02/2020 00:00,9664.08
24/02/2020 00:00,9969.79
25/02/2020 00:00,9664.87
26/02/2020 00:00,9305.4
27/02/2020 00:00,8778.37
28/02/2020 00:00,8816.5
29/02/2020 00:00,8710
01/03/2020 00:00,8525
02/03/2020 00:00,8516
03/03/2020 00:00,8917.34
04/03/2020 00:00,8755.45
05/03/2020 00:00,8757.79
06/03/2020 00:00,9059
07/03/2020 00:00,9154.1
08/03/2020 00:00,8901.12
09/03/2020 00:00,8035.79
10/03/2020 00:00,7937.2
11/03/2020 00:00,7893.63
12/03/2020 00:00,7956.29
13/03/2020 00:00,4841.67
14/03/2020 00:00,5623.16
15/03/2020 00:00,5167.38
16/03/2020 00:00,5353.04
17/03/2020 00:00,5051.41
18/03/2020 00:00,5340.95
19/03/2020 00:00,5413
20/03/2020 00:00,6192.94
21/03/2020 00:00,6207.66
22/03/2020 00:00,6199.17
23/03/2020 00:00,5816.57
24/03/2020 00:00,6494.7
25/03/2020 00:00,6768.64
26/03/2020 00:00,6695.47
27/03/2020 00:00,6765.15
28/03/2020 00:00,6376.03
29/03/2020 00:00,6275.11
30/03/2020 00:00,5878.47
31/03/2020 00:00,6408.95
01/04/2020 00:00,6428.74
02/04/2020 00:00,6669.95
03/04/2020 00:00,6789.63
04/04/2020 00:00,6737.36
05/04/2020 00:00,6887.22
06/04/2020 00:00,6780.57
07/04/2020 00:00,7335.85
08/04/2020 00:00,7204.78
09/04/2020 00:00,7370.85
10/04/2020 00:00,7299.12
11/04/2020 00:00,6866.03
12/04/2020 00:00,6882.75
13/04/2020 00:00,6908.21
14/04/2020 00:00,6864.66
15/04/2020 00:00,6868.88
16/04/2020 00:00,6619
17/04/2020 00:00,7121.35
18/04/2020 00:00,7020.13
19/04/2020 00:00,7265.94
20/04/2020 00:00,7124.27
21/04/2020 00:00,6833
22/04/2020 00:00,6850.6
23/04/2020 00:00,7138.29
24/04/2020 00:00,7494.2
25/04/2020 00:00,7518.81
26/04/2020 00:00,7565
27/04/2020 00:00,7708.87
28/04/2020 00:00,7794.22
29/04/2020 00:00,7762.07
30/04/2020 00:00,8789.79
01/05/2020 00:00,8629.72
02/05/2020 00:00,8836
03/05/2020 00:00,8982.56
04/05/2020 00:00,8924.14
05/05/2020 00:00,8889.24
06/05/2020 00:00,9040
07/05/2020 00:00,9163.63
08/05/2020 00:00,10008.19
09/05/2020 00:00,9809.04
10/05/2020 00:00,9527.31
11/05/2020 00:00,8740.88
12/05/2020 00:00,8574.19
13/05/2020 00:00,8816.99
14/05/2020 00:00,9323.73
15/05/2020 00:00,9809.91
16/05/2020 00:00,9307.43
17/05/2020 00:00,9377.79
18/05/2020 00:00,9672.95
19/05/2020 00:00,9730
20/05/2020 00:00,9776.3
21/05/2020 00:00,9505.61
22/05/2020 00:00,9062.25
23/05/2020 00:00,9171.96
24/05/2020 00:00,9183.93
25/05/2020 00:00,8710.12
26/05/2020 00:00,8903.22
27/05/2020 00:00,8835.79
28/05/2020 00:00,9209.99
29/05/2020 00:00,9581.49
30/05/2020 00:00,9428.52
31/05/2020 00:00,9705.1
01/06/2020 00:00,9444.61
02/06/2020 00:00,10203.64
03/06/2020 00:00,9522.52
04/06/2020 00:00,9668
05/06/2020 00:00,9791
06/06/2020 00:00,9616.17
07/06/2020 00:00,9673.08
08/06/2020 00:00,9759.04
09/06/2020 00:00,9786.64
10/06/2020 00:00,9782.3
11/06/2020 00:00,9894.32
12/06/2020 00:00,9265.95
13/06/2020 00:00,9465.92
14/06/2020 00:00,9478.93
15/06/2020 00:00,9329.99
16/06/2020 00:00,9435.41
17/06/2020 00:00,9530.62
18/06/2020 00:00,9459.82
19/06/2020 00:00,9374.83
20/06/2020 00:00,9287.6
21/06/2020 00:00,9355.93
22/06/2020 00:00,9287.89
23/06/2020 00:00,9688.26
24/06/2020 00:00,9617.88
25/06/2020 00:00,9286.3
26/06/2020 00:00,9237.98
27/06/2020 00:00,9158.13
28/06/2020 00:00,9008.33
29/06/2020 00:00,9118.8
30/06/2020 00:00,9187.85
01/07/2020 00:00,9136.89
02/07/2020 00:00,9230.97
03/07/2020 00:00,9091.68
04/07/2020 00:00,9053.87
05/07/2020 00:00,9142.16
06/07/2020 00:00,9077.18
07/07/2020 00:00,9346.9
08/07/2020 00:00,9257.21
09/07/2020 00:00,9441.76
10/07/2020 00:00,9234.91
11/07/2020 00:00,9291
12/07/2020 00:00,9234.07
13/07/2020 00:00,9304.94
14/07/2020 00:00,9234.19
15/07/2020 00:00,9256.33
16/07/2020 00:00,9191
17/07/2020 00:00,9134.44
18/07/2020 00:00,9150.51
19/07/2020 00:00,9175.7
20/07/2020 00:00,9213.15
21/07/2020 00:00,9161.77
22/07/2020 00:00,9395.98
23/07/2020 00:00,9537.23
24/07/2020 00:00,9614.85
25/07/2020 00:00,9549.34
26/07/2020 00:00,9712.45
27/07/2020 00:00,9941.25
28/07/2020 00:00,11049.4
29/07/2020 00:00,10931.91
30/07/2020 00:00,11105.01
31/07/2020 00:00,11110.84
01/08/2020 00:00,11357.98
02/08/2020 00:00,11808.21
03/08/2020 00:00,11074.92
04/08/2020 00:00,11236.39
05/08/2020 00:00,11193.48
06/08/2020 00:00,11759.9
07/08/2020 00:00,11770.26
08/08/2020 00:00,11601.75
09/08/2020 00:00,11767.93
10/08/2020 00:00,11684.6
11/08/2020 00:00,11896.37
12/08/2020 00:00,11386.5
13/08/2020 00:00,11567.74
14/08/2020 00:00,11797.55
15/08/2020 00:00,11771.97
16/08/2020 00:00,11858.6
17/08/2020 00:00,11916.83
18/08/2020 00:00,12301.27
19/08/2020 00:00,11950
20/08/2020 00:00,11762.18
21/08/2020 00:00,11857.18
22/08/2020 00:00,11527.81
23/08/2020 00:00,11678.17
24/08/2020 00:00,11653.7
25/08/2020 00:00,11750.4
26/08/2020 00:00,11328.5
27/08/2020 00:00,11462.91
28/08/2020 00:00,11332.26
29/08/2020 00:00,11538.74
30/08/2020 00:00,11471.71
31/08/2020 00:00,11713.11
01/09/2020 00:00,11658.48
02/09/2020 00:00,11919.53
03/09/2020 00:00,11395.1
04/09/2020 00:00,10160
05/09/2020 00:00,10460.2
06/09/2020 00:00,10165.47
07/09/2020 00:00,10258.43
08/09/2020 00:00,10377.5
09/09/2020 00:00,10126.01
10/09/2020 00:00,10221.76
11/09/2020 00:00,10341.38
12/09/2020 00:00,10400.46
13/09/2020 00:00,10446.4
14/09/2020 00:00,10338.82
15/09/2020 00:00,10671.4
16/09/2020 00:00,10785
17/09/2020 00:00,10950.15
18/09/2020 00:00,10947.35
19/09/2020 00:00,10935.49
20/09/2020 00:00,11070.84
21/09/2020 00:00,10921.53
22/09/2020 00:00,10418.83
23/09/2020 00:00,10525.72
24/09/2020 00:00,10236.86
25/09/2020 00:00,10738.46
26/09/2020 00:00,10694.23
27/09/2020 00:00,10731.09
28/09/2020 00:00,10779.99
29/09/2020 00:00,10681.41
30/09/2020 00:00,10840
01/10/2020 00:00,10780.83
02/10/2020 00:00,10611.17
03/10/2020 00:00,10571.6
04/10/2020 00:00,10543.17
05/10/2020 00:00,10666.16
06/10/2020 00:00,10797.36
07/10/2020 00:00,10602.31
08/10/2020 00:00,10669.1
09/10/2020 00:00,10927.02
10/10/2020 00:00,11060.46
11/10/2020 00:00,11300.97
12/10/2020 00:00,11372.48
13/10/2020 00:00,11539.42
14/10/2020 00:00,11440.28
15/10/2020 00:00,11430.49
16/10/2020 00:00,11506.53
17/10/2020 00:00,11331.88
18/10/2020 00:00,11363.4
19/10/2020 00:00,11518.58
20/10/2020 00:00,11759.2
21/10/2020 00:00,11921.33
22/10/2020 00:00,12802.63
23/10/2020 00:00,12983.26
24/10/2020 00:00,12940.03
25/10/2020 00:00,13115.18
26/10/2020 00:00,13041.12
27/10/2020 00:00,13065.1
28/10/2020 00:00,13642.31
29/10/2020 00:00,13275.82
30/10/2020 00:00,13456.14
31/10/2020 00:00,13569.42
01/11/2020 00:00,13799.44
02/11/2020 00:00,13762
03/11/2020 00:00,13578.82
04/11/2020 00:00,14041.58
05/11/2020 00:00,14168.49
06/11/2020 00:00,15608.32
07/11/2020 00:00,15603.28
08/11/2020 00:00,14829.32
09/11/2020 00:00,15484.68
10/11/2020 00:00,15349.32
11/11/2020 00:00,15314.94
12/11/2020 00:00,15702
13/11/2020 00:00,16300
14/11/2020 00:00,16339.06
15/11/2020 00:00,16092.8
16/11/2020 00:00,15975.49
17/11/2020 00:00,16727.85
18/11/2020 00:00,17681.77
19/11/2020 00:00,17792.96
20/11/2020 00:00,17822.37
21/11/2020 00:00,18685.08
22/11/2020 00:00,18726.43
23/11/2020 00:00,18432.6
24/11/2020 00:00,18386.92
25/11/2020 00:00,19175.13
26/11/2020 00:00,18727.24
27/11/2020 00:00,17168.31
28/11/2020 00:00,17160.38
29/11/2020 00:00,17724.41
30/11/2020 00:00,18196.75
01/12/2020 00:00,19703.53
02/12/2020 00:00,18773.21
03/12/2020 00:00,19220.09
04/12/2020 00:00,19439.94
05/12/2020 00:00,18650.08
06/12/2020 00:00,19162.17
07/12/2020 00:00,19385.13
08/12/2020 00:00,19183.13
09/12/2020 00:00,18311.31
10/12/2020 00:00,18546.38
11/12/2020 00:00,18250.3
12/12/2020 00:00,18031.23
13/12/2020 00:00,18806.83
14/12/2020 00:00,19151.82
15/12/2020 00:00,19274.33
16/12/2020 00:00,19434.55
17/12/2020 00:00,21358.96
18/12/2020 00:00,22829.89
19/12/2020 00:00,23142.05
20/12/2020 00:00,23842.38
21/12/2020 00:00,23470.85
22/12/2020 00:00,22750.07
23/12/2020 00:00,23819.08
24/12/2020 00:00,23215
25/12/2020 00:00,23747.22
26/12/2020 00:00,24714.01
27/12/2020 00:00,26472.89
28/12/2020 00:00,26242.82
29/12/2020 00:00,27037.9
30/12/2020 00:00,27370
31/12/2020 00:00,28893.21
01/01/2021 00:00,28999.63
02/01/2021 00:00,29410.77
03/01/2021 00:00,32216.51
04/01/2021 00:00,33068.83
05/01/2021 00:00,32054.23
06/01/2021 00:00,34081.24
07/01/2021 00:00,36875.96
08/01/2021 00:00,39510.59
09/01/2021 00:00,40682.76
10/01/2021 00:00,40239.06
11/01/2021 00:00,38164.88
12/01/2021 00:00,35449.71
13/01/2021 00:00,34035.02
14/01/2021 00:00,37393.49
15/01/2021 00:00,39147.98
16/01/2021 00:00,36778.66
17/01/2021 00:00,36013.51
18/01/2021 00:00,35826.36
19/01/2021 00:00,36665.82
20/01/2021 00:00,35888.13
21/01/2021 00:00,35516.17
22/01/2021 00:00,30817.86
23/01/2021 00:00,32989.1
24/01/2021 00:00,32098.38
25/01/2021 00:00,32289.06
26/01/2021 00:00,32264.15
27/01/2021 00:00,32521.65
28/01/2021 00:00,30427.34
29/01/2021 00:00,33488.66
30/01/2021 00:00,34265.71
31/01/2021 00:00,34300.19
01/02/2021 00:00,33110.32
02/02/2021 00:00,33497.16
03/02/2021 00:00,35496.91
04/02/2021 00:00,37693
05/02/2021 00:00,36984.28
06/02/2021 00:00,38320
07/02/2021 00:00,39274.8
08/02/2021 00:00,38870.36
09/02/2021 00:00,46445.51
10/02/2021 00:00,46493.9
11/02/2021 00:00,44854.63
12/02/2021 00:00,48044.88
13/02/2021 00:00,47424.25
14/02/2021 00:00,47258.66
15/02/2021 00:00,48620.48
16/02/2021 00:00,47954.05
17/02/2021 00:00,49136.7
18/02/2021 00:00,52141.23
19/02/2021 00:00,51560.46
20/02/2021 00:00,56000.59
21/02/2021 00:00,55919.75
22/02/2021 00:00,57485.74
23/02/2021 00:00,54173.64
24/02/2021 00:00,48927.33
25/02/2021 00:00,49715.13
26/02/2021 00:00,47070.18
27/02/2021 00:00,46324.15
28/02/2021 00:00,46142.1
01/03/2021 00:00,45261.56
02/03/2021 00:00,49641.89
03/03/2021 00:00,48438
04/03/2021 00:00,50376.05
05/03/2021 00:00,48353.09
06/03/2021 00:00,48774.67
07/03/2021 00:00,48933.12
08/03/2021 00:00,50952.55
09/03/2021 00:00,52427.8
10/03/2021 00:00,54927.29
11/03/2021 00:00,55918.09
12/03/2021 00:00,57847.92
13/03/2021 00:00,57297.67
14/03/2021 00:00,61177.03
15/03/2021 00:00,58956.9
16/03/2021 00:00,55616.42
17/03/2021 00:00,56928.38
18/03/2021 00:00,58939.73
19/03/2021 00:00,57648.01
20/03/2021 00:00,58029.94
21/03/2021 00:00,58072.87
22/03/2021 00:00,57410.54
23/03/2021 00:00,54117.71
24/03/2021 00:00,54360.07
25/03/2021 00:00,52281.77
26/03/2021 00:00,51292.65
27/03/2021 00:00,55081.26
28/03/2021 00:00,55817.85
29/03/2021 00:00,55790.28
30/03/2021 00:00,57623.66
31/03/2021 00:00,58767.75
01/04/2021 00:00,58789.96
02/04/2021 00:00,58744
03/04/2021 00:00,58967.61
04/04/2021 00:00,57064.13
05/04/2021 00:00,58213.69
06/04/2021 00:00,59135.36
07/04/2021 00:00,58024.9
08/04/2021 00:00,55912.38
09/04/2021 00:00,58066.18
10/04/2021 00:00,58129.02
11/04/2021 00:00,59773.19
12/04/2021 00:00,59972.26
13/04/2021 00:00,59814.87
14/04/2021 00:00,63605.69
15/04/2021 00:00,62954.2
16/04/2021 00:00,63247.24
17/04/2021 00:00,61436.23
18/04/2021 00:00,60048.82
19/04/2021 00:00,56260.83
20/04/2021 00:00,55694.55
21/04/2021 00:00,56493.02
22/04/2021 00:00,53823.48
23/04/2021 00:00,51693.98
24/04/2021 00:00,51177.77
25/04/2021 00:00,50126.34
26/04/2021 00:00,49122.75
27/04/2021 00:00,54015.32
28/04/2021 00:00,55094.73
29/04/2021 00:00,54898.45
30/04/2021 00:00,53585.93
01/05/2021 00:00,57790.66
02/05/2021 00:00,57893.01
03/05/2021 00:00,56599.91
04/05/2021 00:00,57227.64
05/05/2021 00:00,53221.75
06/05/2021 00:00,57517.08
07/05/2021 00:00,56425.82
08/05/2021 00:00,57371.02
09/05/2021 00:00,58964.89
10/05/2021 00:00,58336.16
11/05/2021 00:00,55854.43
12/05/2021 00:00,56763.7
13/05/2021 00:00,49419.44
14/05/2021 00:00,49711.64
15/05/2021 00:00,49883.89
16/05/2021 00:00,46753.4
17/05/2021 00:00,46446.42
18/05/2021 00:00,43581.27
19/05/2021 00:00,42900.85
20/05/2021 00:00,36793.39
21/05/2021 00:00,40566.13
22/05/2021 00:00,37318.43
23/05/2021 00:00,37474.34
24/05/2021 00:00,34735.35
25/05/2021 00:00,38848.36
26/05/2021 00:00,38385.87
27/05/2021 00:00,39299.46
28/05/2021 00:00,38578.5
29/05/2021 00:00,35691.36
30/05/2021 00:00,34644.09
31/05/2021 00:00,35675.3
01/06/2021 00:00,37279.89
02/06/2021 00:00,36693.3
03/06/2021 00:00,37585.12
04/06/2021 00:00,39242.94
05/06/2021 00:00,36851.58
06/06/2021 00:00,35532.59
07/06/2021 00:00,35810.69
08/06/2021 00:00,33567.51
09/06/2021 00:00,33413.19
10/06/2021 00:00,37414.64
11/06/2021 00:00,36724.97
12/06/2021 00:00,37338.91
13/06/2021 00:00,35563.66
14/06/2021 00:00,39035.52
15/06/2021 00:00,40544.19
16/06/2021 00:00,40166.93
17/06/2021 00:00,38361.38
18/06/2021 00:00,38110.25
19/06/2021 00:00,35849.18
20/06/2021 00:00,35494.7
21/06/2021 00:00,35598.66
22/06/2021 00:00,31628.83
23/06/2021 00:00,32547.57
24/06/2021 00:00,33693.99
25/06/2021 00:00,34652.68
26/06/2021 00:00,31595.95
27/06/2021 00:00,32293.98
28/06/2021 00:00,34716.02
29/06/2021 00:00,34494.42
30/06/2021 00:00,35900.05
01/07/2021 00:00,35059.71
02/07/2021 00:00,33537.11
03/07/2021 00:00,33810.46
04/07/2021 00:00,34672.08
05/07/2021 00:00,35255
06/07/2021 00:00,33730.76
07/07/2021 00:00,34231.95
08/07/2021 00:00,33858.33
09/07/2021 00:00,32892.94
10/07/2021 00:00,33830.73
11/07/2021 00:00,33521.48
12/07/2021 00:00,34266.84
13/07/2021 00:00,33091.53
14/07/2021 00:00,32737.56
15/07/2021 00:00,32818.68
16/07/2021 00:00,31885.7
17/07/2021 00:00,31376.3
18/07/2021 00:00,31509.33
19/07/2021 00:00,31794.49
20/07/2021 00:00,30822.08
21/07/2021 00:00,29792.99
22/07/2021 00:00,32115.82
23/07/2021 00:00,32306.98
24/07/2021 00:00,33685
25/07/2021 00:00,34301.86
26/07/2021 00:00,35438.93
27/07/2021 00:00,37271.44
28/07/2021 00:00,39446.94
29/07/2021 00:00,40024.8
30/07/2021 00:00,40045.21
31/07/2021 00:00,42236.72
01/08/2021 00:00,41489.16
02/08/2021 00:00,39875.2
03/08/2021 00:00,39157.52
04/08/2021 00:00,38173.75
05/08/2021 00:00,39742.77
06/08/2021 00:00,40893.77
07/08/2021 00:00,42857.09
08/08/2021 00:00,44624.4
09/08/2021 00:00,43836.05
10/08/2021 00:00,46282.3
11/08/2021 00:00,45596.21
12/08/2021 00:00,45536.8
13/08/2021 00:00,44413.35
14/08/2021 00:00,47855
15/08/2021 00:00,47130.97
16/08/2021 00:00,47024.96
17/08/2021 00:00,45930.48
18/08/2021 00:00,44631.47
19/08/2021 00:00,44734.16
20/08/2021 00:00,46759.29
21/08/2021 00:00,49332.31
22/08/2021 00:00,48883.84
23/08/2021 00:00,49296.71
24/08/2021 00:00,49516.08
25/08/2021 00:00,47670.8
26/08/2021 00:00,49022.39
27/08/2021 00:00,46857.86
28/08/2021 00:00,49100.49
29/08/2021 00:00,48947.1
30/08/2021 00:00,48782.56
31/08/2021 00:00,46969.05
01/09/2021 00:00,47118.02
02/09/2021 00:00,48830.93
03/09/2021 00:00,49284.93
04/09/2021 00:00,50033.5
05/09/2021 00:00,49965.32
06/09/2021 00:00,51809.28
07/09/2021 00:00,52719.43
08/09/2021 00:00,46894.3
09/09/2021 00:00,46070.43
10/09/2021 00:00,46368.11
11/09/2021 00:00,44858.2
12/09/2021 00:00,45162.96
13/09/2021 00:00,46039.42
14/09/2021 00:00,44983.77
15/09/2021 00:00,47123.81
16/09/2021 00:00,48188.12
17/09/2021 00:00,47773.44
18/09/2021 00:00,47316.21
19/09/2021 00:00,48307.05
20/09/2021 00:00,47257.86
21/09/2021 00:00,43003.07
22/09/2021 00:00,40702.07
23/09/2021 00:00,43586
24/09/2021 00:00,44893.7
25/09/2021 00:00,42835.88
26/09/2021 00:00,42699.1
27/09/2021 00:00,43162.82
28/09/2021 00:00,42154.87
29/09/2021 00:00,41024.21
30/09/2021 00:00,41537.56
01/10/2021 00:00,43835.47
02/10/2021 00:00,48185.61
03/10/2021 00:00,47644.63
04/10/2021 00:00,48231.04
05/10/2021 00:00,49283.89
06/10/2021 00:00,51521.89
07/10/2021 00:00,55360.1
08/10/2021 00:00,53816.16
09/10/2021 00:00,53952.82
10/10/2021 00:00,54984.49
11/10/2021 00:00,54657
12/10/2021 00:00,57490
13/10/2021 00:00,56004.61
14/10/2021 00:00,57395.84
15/10/2021 00:00,57370.48
16/10/2021 00:00,61703.45
17/10/2021 00:00,60885.27
18/10/2021 00:00,61519.52
19/10/2021 00:00,62014.99
20/10/2021 00:00,64282.2
21/10/2021 00:00,66027.81
22/10/2021 00:00,62207.51
23/10/2021 00:00,60698.54
24/10/2021 00:00,61306.64
25/10/2021 00:00,60883.96
26/10/2021 00:00,63101.43
27/10/2021 00:00,60331.4
28/10/2021 00:00,58471.06
29/10/2021 00:00,60608.95
30/10/2021 00:00,62278.92
31/10/2021 00:00,61904.96
01/11/2021 00:00,61356.57
02/11/2021 00:00,60949.78
03/11/2021 00:00,63260
04/11/2021 00:00,62945.38
05/11/2021 00:00,61430.02
06/11/2021 00:00,61008.19
07/11/2021 00:00,61542.43
08/11/2021 00:00,63300
09/11/2021 00:00,67547.49
10/11/2021 00:00,66928.42
11/11/2021 00:00,64919.18
12/11/2021 00:00,64783.13
13/11/2021 00:00,64140.23
14/11/2021 00:00,64403.43
15/11/2021 00:00,65509.87
16/11/2021 00:00,63621.61
17/11/2021 00:00,60115.12
18/11/2021 00:00,60376.94
19/11/2021 00:00,56924.94
20/11/2021 00:00,58126.46
21/11/2021 00:00,59785.85
22/11/2021 00:00,58679.27
23/11/2021 00:00,56283.8
24/11/2021 00:00,57583.91
25/11/2021 00:00,57169.19
26/11/2021 00:00,59004.88
27/11/2021 00:00,53794.32
28/11/2021 00:00,54764.24
29/11/2021 00:00,57327.32
30/11/2021 00:00,57843.33
01/12/2021 00:00,57027.28
02/12/2021 00:00,57232.71
03/12/2021 00:00,56534.26
04/12/2021 00:00,53685.47
05/12/2021 00:00,49240.81
06/12/2021 00:00,49484
07/12/2021 00:00,50550.09
08/12/2021 00:00,50635.87
09/12/2021 00:00,50535.15
10/12/2021 00:00,47573.43
11/12/2021 00:00,47179.53
12/12/2021 00:00,49420.51
13/12/2021 00:00,50102.31
14/12/2021 00:00,46736.7
15/12/2021 00:00,48386.95
16/12/2021 00:00,48876.84
17/12/2021 00:00,47654.99
18/12/2021 00:00,46141.63
19/12/2021 00:00,46854.18
20/12/2021 00:00,46671.66
21/12/2021 00:00,46926.72
22/12/2021 00:00,48907.75
23/12/2021 00:00,48618.99
24/12/2021 00:00,50850
25/12/2021 00:00,50857.42
26/12/2021 00:00,50421.51
27/12/2021 00:00,50885.32
28/12/2021 00:00,50708.05
29/12/2021 00:00,47597.7
30/12/2021 00:00,46474.59
31/12/2021 00:00,47110.3
01/01/2022 00:00,46230
02/01/2022 00:00,47745.25
03/01/2022 00:00,47290.55
04/01/2022 00:00,46464.01
05/01/2022 00:00,45828.77
06/01/2022 00:00,43417.31
07/01/2022 00:00,43093.4
08/01/2022 00:00,41576.73
09/01/2022 00:00,41697.32
10/01/2022 00:00,41853.98
11/01/2022 00:00,41842.22
12/01/2022 00:00,42754.44
13/01/2022 00:00,43935.01
14/01/2022 00:00,42579.44
15/01/2022 00:00,43085.76
16/01/2022 00:00,43084.77
17/01/2022 00:00,43099.08
18/01/2022 00:00,42230.09
19/01/2022 00:00,42378.23
20/01/2022 00:00,41733.21
21/01/2022 00:00,40654.72
22/01/2022 00:00,36447.37
23/01/2022 00:00,35084.79
24/01/2022 00:00,36262.21
25/01/2022 00:00,36721.59
26/01/2022 00:00,37006.76
27/01/2022 00:00,36824.02
28/01/2022 00:00,37179.62
29/01/2022 00:00,37713.14
30/01/2022 00:00,38176.45
31/01/2022 00:00,37914.1
01/02/2022 00:00,38483.56
02/02/2022 00:00,38768.08
03/02/2022 00:00,36924.5
04/02/2022 00:00,37330.75
05/02/2022 00:00,41608.82
06/02/2022 00:00,41422.7
07/02/2022 00:00,42420.24
08/02/2022 00:00,43895.6
09/02/2022 00:00,44106.95
10/02/2022 00:00,44426.24
11/02/2022 00:00,43540.15
12/02/2022 00:00,42392.22
13/02/2022 00:00,42232.68
14/02/2022 00:00,42078.53
15/02/2022 00:00,42567.27
16/02/2022 00:00,44590.75
17/02/2022 00:00,43901.49
18/02/2022 00:00,40532.66
19/02/2022 00:00,40008.75
20/02/2022 00:00,40108.62
21/02/2022 00:00,38384.09
22/02/2022 00:00,37036.98
23/02/2022 00:00,38269.94
24/02/2022 00:00,37253.26
25/02/2022 00:00,38360.93
26/02/2022 00:00,39242.64
27/02/2022 00:00,39146.66
28/02/2022 00:00,37717.1
01/03/2022 00:00,43221.71
